ORDERID,CUSTOMERID
10504,WHITC
10347,FAMIA
10419,RICSU
10422,FRANS
10818,MAGAA
10778,BERGS
10373,HUNGO
10738,SPECD
10926,ANATR
10514,ERNSH
11040,GREAL
10305,OLDWO
10964,SPECD
10608,TOMSP
10771,ERNSH
10766,OTTIK
10286,QUICK
10474,PERIC
10858,LACOR
10533,FOLKO
11075,RICSU
11016,AROUT
10488,FRANK
10360,BLONP
10559,BLONP
10983,SAVEA
11061,GREAL
10932,BONAP
10930,SUPRD
10349,SPLIR
10418,QUICK
10575,MORGK
10925,HANAR
10717,FRANK
11060,FRANS
10929,FRANK
10356,WANDK
10611,WOLZA
10492,BOTTM
10469,WHITC
10781,WARTH
10834,TRADH
10655,REGGC
10567,HUNGO
11028,KOENE
10284,LEHMS
10536,LEHMS
10470,BONAP
10763,FOLIG
11008,ERNSH
10945,MORGK
10400,EASTC
10755,BONAP
11058,BLAUS
10527,QUICK
10357,LILAS
10619,MEREP
10785,GROSR
10354,PERIC
10623,FRANK
11003,THECR
10358,LAMAI
10304,TORTU
11063,HUNGO
10499,LILAS
10729,LINOD
10502,PERIC
10799,KOENE
10430,ERNSH
10510,SAVEA
10761,RATTC
10643,ALFKI
10971,FRANR
10434,FOLKO
10302,SUPRD
10461,LILAS
10883,LONEP
10962,QUICK
10684,OTTIK
10547,SEVES
10262,RATTC
10339,MEREP
11068,QUEE
10579,LETSS
10565,MEREP
10374,WOLZA
10411,BOTTM
10327,FOLKO
10361,QUICK
11064,SAVEA
10715,BONAP
10308,ANATR
10952,ALFKI
10309,HUNGO
10404,MAGAA
10629,GODOS
10425,LAMAI
10695,WILMK
10265,BLONP
10689,BERGS
10282,ROMEY
10833,OTTIK
10807,FRANS
10924,BERGS
10694,QUICK
10459,VICTE
10916,RANCH
10897,HUNGO
10528,GREAL
10336,PRINI
10645,HANAR
10605,MEREP
10520,SANTG
10390,ERNSH
10984,SAVEA
10376,MEREP
10465,VAFFE
10922,HANAR
10775,THECR
10982,BOTTM
10869,SEVES
10737,VINET
10485,LINOD
10691,QUICK
10378,FOLKO
10562,REGGC
10652,GOURL
10705,HILAA
10479,RATTC
10854,ERNSH
10407,OTTIK
10848,CONSH
10299,RICAR
10636,WARTH
10532,EASTC
10658,QUICK
10701,HUNGO
10993,FOLKO
11077,RATTC
10630,KOENE
10996,QUICK
10589,GREAL
10887,GALED
10787,LAMAI
10384,BERGS
10272,RATTC
10482,LAZYK
11039,LINOD
10317,LONEP
10706,OLDWO
10523,SEVES
10560,FRANK
10540,QUICK
11047,EASTC
10546,VICTE
11035,SUPRD
10847,SAVEA
10397,PRINI
10522,LEHMS
10841,SUPRD
10923,LAMAI
10928,GALED
10845,QUICK
10822,TRAIH
10653,FRANK
10573,ANTO
10944,BOTTM
11062,REGGC
10581,FAMIA
10294,RATTC
10318,ISLAT
10998,WOLZA
10603,SAVEA
10871,BONAP
10657,SAVEA
10780,LILAS
10472,SEVES
10588,QUICK
10342,FRANK
10285,QUICK
10426,GALED
10826,BLONP
11042,COMMI
11072,ERNSH
10431,BOTTM
10900,WELLI
10487,QUEE
10451,QUICK
11012,FRANK
10906,WOLZA
10582,BLAUS
10972,LACOR
10902,FOLKO
10882,SAVEA
10776,ERNSH
10276,TORTU
10852,RATTC
10803,WELLI
10450,VICTE
10530,PICCO
10937,CACTU
10724,MEREP
10370,CHOPS
10836,ERNSH
10593,LEHMS
10287,RICAR
10813,RICAR
10319,TORTU
11029,CHOPS
10269,WHITC
10391,DRACD
10856,ANTO
11038,SUPRD
10307,LONEP
10531,OCEA
10290,COMMI
10506,KOENE
10558,AROUT
10392,PICCO
10632,WANDK
10598,RATTC
10524,BERGS
10933,ISLAT
10732,BONAP
10395,HILAA
10604,FURIB
10728,QUEE
10261,QUEDE
10986,OCEA
11059,RICAR
10259,CENTC
10325,KOENE
10669,SIMOB
10914,QUEE
11013,ROMEY
10564,RATTC
10872,GODOS
11053,PICCO
11009,GODOS
10920,AROUT
10661,HUNGO
10970,BOLID
10886,HANAR
10686,PICCO
10735,LETSS
10268,GROSR
10981,HANAR
10918,BOTTM
10257,HILAA
10750,WARTH
10977,FOLKO
10666,RICSU
10912,HUNGO
10389,BOTTM
10995,PERIC
10331,BONAP
10990,ERNSH
10624,THECR
10742,BOTTM
10437,WARTH
10811,LINOD
11037,GODOS
10484,BSBEV
10273,QUICK
10311,DUMO
10283,LILAS
10793,AROUT
10668,WANDK
10779,MORGK
10423,GOURL
11000,RATTC
10444,BERGS
10576,TORTU
10878,QUICK
10959,GOURL
10471,BSBEV
10512,FAMIA
10957,HILAA
11076,BONAP
10939,MAGAA
10610,LAMAI
10405,LINOD
10382,ERNSH
10802,SIMOB
11067,DRACD
10681,GREAL
10844,PICCO
10709,GOURL
10445,BERGS
10399,VAFFE
10609,DUMO
10566,BLONP
10414,FAMIA
10386,FAMIA
10551,FURIB
10722,SAVEA
10693,WHITC
11015,SANTG
10659,QUEE
10711,SAVEA
11056,EASTC
10568,GALED
10549,QUICK
10712,HUNGO
11020,OTTIK
10941,SAVEA
10379,QUEDE
10415,HUNGC
10377,SEVES
10857,BERGS
10550,GODOS
10829,ISLAT
10587,QUEDE
10314,RATTC
11070,LEHMS
11011,ALFKI
10599,BSBEV
10518,TORTU
10359,SEVES
10782,CACTU
10574,TRAIH
10640,WANDK
10702,ALFKI
10289,BSBEV
10674,ISLAT
10948,GODOS
10403,ERNSH
10481,RICAR
10362,BONAP
10976,HILAA
10556,SIMOB
10583,WARTH
10277,MORGK
10815,SAVEA
10849,KOENE
10367,VAFFE
10320,WARTH
10794,QUEDE
10801,BOLID
10910,WILMK
10662,LONEP
10843,VICTE
10441,OLDWO
10500,LAMAI
10526,WARTH
10543,LILAS
10496,TRADH
10497,LEHMS
10951,RICSU
10330,LILAS
10250,HANAR
10614,BLAUS
10475,SUPRD
10917,ROMEY
10692,ALFKI
10783,HANAR
10831,SANTG
10798,ISLAT
10752,NORTS
10773,ERNSH
10333,WARTH
11071,LILAS
10348,WANDK
10252,SUPRD
10673,WILMK
10602,VAFFE
10424,MEREP
10748,SAVEA
10663,BONAP
10994,VAFFE
11048,BOTTM
10427,PICCO
10935,WELLI
10586,REGGC
10676,TORTU
10509,BLAUS
10890,DUMO
10264,FOLKO
10751,RICSU
10539,BSBEV
10278,BERGS
10267,FRANK
10961,QUEE
10800,SEVES
10460,FOLKO
11023,BSBEV
10486,HILAA
11027,BOTTM
10654,BERGS
10324,SAVEA
10534,LEHMS
10810,LAUGB
10754,MAGAA
10433,PRINI
10747,PICCO
10864,AROUT
10596,WHITC
10628,BLONP
10687,HUNGO
10699,MORGK
10616,GREAL
10254,CHOPS
10765,QUICK
10943,BSBEV
10639,SANTG
10637,QUEE
10707,AROUT
10281,ROMEY
10816,GREAL
10490,HILAA
10954,LINOD
10552,HILAA
10463,SUPRD
11041,CHOPS
10561,FOLKO
10483,WHITC
10618,MEREP
10774,FOLKO
10805,THEBI
10577,TRAIH
10820,RATTC
10745,QUICK
10513,WANDK
10335,HUNGO
10704,QUEE
10251,VICTE
10913,QUEE
10595,ERNSH
10670,FRANK
10703,FOLKO
10383,AROUT
10931,RICSU
10301,WANDK
10541,HANAR
10898,OCEA
10790,GOURL
10458,SUPRD
10508,OTTIK
10700,SAVEA
10796,HILAA
10398,SAVEA
10316,RATTC
10613,HILAA
10393,SAVEA
10447,RICAR
10874,GODOS
11006,GREAL
10371,LAMAI
11022,HANAR
10494,COMMI
10956,BLAUS
10416,WARTH
10519,CHOPS
10344,WHITC
10495,LAUGB
10749,ISLAT
11001,FOLKO
11043,SPECD
10743,AROUT
10727,REGGC
10270,WARTH
10631,LAMAI
10895,ERNSH
10507,ANTO
10256,WELLI
10372,QUEE
10757,SAVEA
10553,WARTH
10758,RICSU
10402,ERNSH
10744,VAFFE
11049,GOURL
10585,WELLI
10511,BONAP
10873,WILMK
10569,RATTC
10456,KOENE
10660,HUNGC
10438,TOMSP
10740,WHITC
10300,MAGAA
10789,FOLIG
10859,FRANK
10985,HUNGO
10648,RICAR
10992,THEBI
10535,ANTO
10938,QUICK
10462,CONSH
10899,LILAS
11051,LAMAI
10725,FAMIA
10622,RICAR
10850,VICTE
10615,WILMK
10682,ANTO
10792,WOLZA
10570,MEREP
10529,MAISD
10594,OLDWO
10936,GREAL
10329,SPLIR
10346,RATTC
10476,HILAA
10557,LEHMS
10332,MEREP
10310,THEBI
10274,VINET
10406,QUEE
10696,WHITC
10621,ISLAT
10767,SUPRD
10607,SAVEA
10863,HILAA
10340,BONAP
10888,GODOS
10580,OTTIK
10591,VAFFE
10468,KOENE
10600,HUNGC
10672,BERGS
10846,SUPRD
10866,BERGS
10870,WOLZA
10698,ERNSH
10592,LEHMS
10271,SPLIR
10688,VAFFE
10823,LILAS
10675,FRANK
11010,REGGC
10979,ERNSH
10649,MAISD
10764,ERNSH
10988,RATTC
11033,RICSU
10315,ISLAT
10439,MEREP
10714,SAVEA
10293,TORTU
10656,GREAL
10647,QUEDE
10901,HILAA
10365,ANTO
10821,SPLIR
10999,OTTIK
11014,LINOD
10881,CACTU
10572,BERGS
10853,BLAUS
10412,WARTH
11025,WARTH
10965,OLDWO
10303,GODOS
10893,KOENE
10326,BOLID
10838,LINOD
10832,LAMAI
10542,KOENE
10288,REGGC
10907,SPECD
10295,VINET
10828,RANCH
10777,GOURL
10784,MAGAA
10638,LINOD
10842,TORTU
10664,FURIB
10446,TOMSP
10876,BONAP
10989,QUEDE
10731,CHOPS
10960,HILAA
11024,EASTC
10355,AROUT
10817,KOENE
10442,ERNSH
10296,LILAS
10879,WILMK
10915,TORTU
10644,WELLI
10498,HILAA
10726,EASTC
10388,SEVES
10650,FAMIA
10641,HILAA
10892,MAISD
10491,FURIB
10280,BERGS
10678,SAVEA
10258,ERNSH
11066,WHITC
10958,OCEA
10544,LONEP
10413,LAMAI
10756,SPLIR
10298,HUNGO
10963,FURIB
10867,LONEP
10733,BERGS
10503,HUNGO
10949,BOTTM
10627,SAVEA
10885,SUPRD
11050,FOLKO
10804,SEVES
10457,KOENE
10452,SAVEA
10955,FOLKO
10904,WHITC
10292,TRADH
11065,LILAS
10921,VAFFE
11046,WANDK
10453,AROUT
10978,MAISD
10578,BSBEV
10940,BONAP
10837,BERGS
10905,WELLI
10896,MAISD
10677,ANTO
10861,WHITC
10449,BLONP
10428,REGGC
10808,OLDWO
10440,SAVEA
10375,HUNGC
10980,FOLKO
10760,MAISD
10432,SPLIR
10352,FURIB
11002,SAVEA
10665,LONEP
10683,DUMO
10690,HANAR
11021,QUICK
10387,SANTG
10473,ISLAT
10739,VINET
10791,FRANK
10819,CACTU
10505,MEREP
10328,FURIB
10545,LAZYK
10840,LINOD
10297,BLONP
11005,WILMK
10934,LEHMS
10966,CHOPS
10950,MAGAA
10812,REGGC
10795,ERNSH
11019,RANCH
10911,GODOS
10455,WARTH
10515,QUICK
10313,QUICK
10517,NORTS
11018,LONEP
10716,RANCH
10626,BERGS
10279,LEHMS
10266,WARTH
10908,REGGC
10942,REGGC
10635,MAGAA
10584,BLONP
10708,THEBI
10713,SAVEA
10351,ERNSH
10839,TRADH
10877,RICAR
10467,MAGAA
10525,BONAP
10646,HUNGO
10710,FRANS
10721,QUICK
10538,BSBEV
10720,QUEDE
10927,LACOR
10380,HUNGO
10909,SANTG
10825,DRACD
10851,RICAR
10620,LAUGB
11074,SIMOB
10429,HUNGO
10753,FRANS
10601,HILAA
10667,ERNSH
10477,PRINI
10321,ISLAT
10786,QUEE
10862,LEHMS
10968,ERNSH
10436,BLONP
11004,MAISD
10443,REGGC
10343,LEHMS
10385,SPLIR
10719,LETSS
10606,TRADH
11052,HANAR
11036,DRACD
10769,VAFFE
10770,HANAR
10420,WELLI
10625,ANATR
10788,QUICK
10759,ANATR
11026,FRANS
11069,TORTU
10772,LEHMS
11045,BOTTM
10974,SPLIR
11057,NORTS
10875,BERGS
10516,HUNGO
10312,WANDK
10946,VAFFE
11032,WHITC
10824,FOLKO
10421,QUEDE
10409,OCEA
11017,ERNSH
10454,LAMAI
10464,FURIB
10571,ERNSH
10617,GREAL
10797,DRACD
10884,LETSS
10590,MEREP
10997,LILAS
10679,BLONP
10680,OLDWO
10973,LACOR
10830,TRADH
10685,GOURL
10260,OTTIK
11031,SAVEA
10633,ERNSH
10865,QUICK
10718,KOENE
10366,GALED
10521,CACTU
10814,VICTE
10353,PICCO
10868,QUEE
10894,SAVEA
10334,VICTE
10350,LAMAI
10806,VICTE
10410,BOTTM
10322,PERIC
10855,OLDWO
10903,HANAR
10345,QUICK
10275,MAGAA
10337,FRANK
10255,RICSU
10249,TOMSP
10835,ALFKI
10396,FRANK
10919,LINOD
10548,TOMSP
10537,RICSU
10478,VICTE
10651,WANDK
10489,PICCO
10501,BLAUS
10363,DRACD
10338,OLDWO
10880,FOLKO
10612,SAVEA
10369,SPLIR
10364,EASTC
10394,HUNGC
10697,LINOD
10466,COMMI
10991,QUICK
10381,LILAS
10554,OTTIK
10947,BSBEV
10762,FOLKO
10555,SAVEA
10987,EASTC
11044,WOLZA
10448,RANCH
10408,FOLIG
10597,PICCO
10746,CHOPS
10736,HUNGO
11034,OLDWO
10730,BONAP
10827,BONAP
10734,GOURL
10323,KOENE
10401,RATTC
10306,ROMEY
10953,AROUT
10634,FOLIG
10341,SIMOB
10480,FOLIG
10417,SIMOB
10967,TOMSP
11073,PERIC
10809,WELLI
10891,LEHMS
10563,RICAR
10889,RATTC
10723,WHITC
11030,SAVEA
11055,HILAA
10263,ERNSH
11007,PRINI
10741,AROUT
11054,CACTU
10860,FRANR
10975,BOTTM
10969,COMMI
10642,SIMOB
10368,ERNSH
10671,FRANR
10768,AROUT
